"An error occurred while saving your page.";"Une erreur est survenue lors de la sauvegarde de votre page."
"Page successfully saved";"Page sauvegardée avec succès"
en;fr
Creation;Création
"Add sections:";"Ajouter des éléments :"
Picture;Image
Pictures;Images
"Add ";"Ajoutez des"
Alignment:;"Alignement :"
Size:;"Taille :"
Description:;"Description :"
Small;Petit
Medium;Moyen
Large;Grand
"Video URL";"Adresse de la vidéo"
"Loading picture:";"Image de chargement"
".mp4 or .3gp format";"format .mp4 ou .3gp"
"Video URL:";"Adresse de la vidéo :"
"Add a";"Ajoutez une"
"Loading picture:";"Image de chargement :"
".mp4 or .3gp format:";"format .mp4 ou .3gp :"
"Your browser does not support the video tag";"Votre navigateur ne supporte pas la balise video"
"Wondering how it works?<br />It's dead simple!<br />No coding's involved.";"Comment ça marche ?<br />C'est tellement simple !<br />Et sans connaissance informatique."
"Tiger lets you build great mobile applications for small businesses, and in white label: no Tiger mentions, <span class=""yellow f-bold"">your custom admin panel on your domain.</span>";"Avec Tiger, créez de belles applications mobiles pour les commerçants. Seulement belles ? Pas seulement, grâce à nos <span class=""yellow f-bold"">fonctionnalités marketing performantes</span>"
"Try for Free";"Essayer gratuitement"
"1. Create";"1. Créez"
Create;Créez
"With no technical knowledge and in a matter of minutes.";"Sans connaissance technique et en quelques minutes."
"Choose from an array of <span class=""f-bold"">added-value features</span> and <span class=""f-bold"">customize your design</span>. That's all! It's as <span class=""f-bold"">simple</span> as that.";"Choisissez parmi un lot de <span class=""f-bold"">fonctionnalités</span> à valeur ajoutée, et personnalisez le <span class=""f-bold"">design</span>. That's all folks! C'est <span class=""f-bold"">simple</span> comme bonjour."
"2. Publish";"2. Publiez"
Publish;Publiez
"We take care of submitting the application for you.";"Sans vous souciez de rien, nous nous en chargeons pour vous."
"<span class=""f-bold"">We submit for you</span> your application on AppStore and Google Play. You are then <span class=""f-bold"">free to manage and update</span> your application whenever you like.";"<span class=""f-bold"">Nous publions</span> votre application sur l'AppStore ou Google Play. Vous pouvez ensuite gérer et mettre à jour vos applications, <span class=""f-bold"">quand vous le souhaitez</span>."
"3. Distribute";"3. Distribuez"
Distribute;Distribuez
"...To your clients and your clients' clients!";"À vos clients, aux clients de vos clients."
"You'll find everything you need to promote your applications: <span class=""f-bold"">QR Codes</span>, A5 posters and POS advertising, all ready to print.";"Retrouvez tout le nécessaire à la promotion d'une application : des <span class=""f-bold"">QR Codes</span>, affiches A5 et PLV à imprimer. Puisqu'on vous dit que c'est <span class=""f-bold"">clé en main</span> !"
Features;Fonctionnalités
"Here are a few of the mobile features we offer, tailor made for small businesses.";"Pour vous mettre l'eau à la bouche, voici quelques unes de nos fonctionnalités."
"See all features";"Voir toutes les fonctionnalités"
"See all features";"Voir les fonctionnalités"
"News Wall";"Message wall"
Listings;Listings
"Photo Gallery";Galerie
"Video Gallery";"Galerie vidéos"
"Loyalty Card";"Carte de fidélité"
"Social Gaming";"Social Gaming"
"Push Notifications";"Notifications Push"
"Why use Tiger";"Pourquoi utiliser Tiger ?"
"A platform specifically for resellers";"Plateforme dédiée aux revendeurs"
"Tiger app creator is the first platform specifically intended for resellers who wish to create and sell mobile solutions for small businesses. Tiger is designed for individuals, advertising agencies and freelancers.";"Tiger app creator est la première plateforme dédiée à tous ceux qui souhaitent créer et commercialiser des solutions mobiles à leurs clients commerçants. Revendeurs, agences de communication, développeurs freelance Tiger vous est dédié."
"Effective Features";"Des fonctionnalités performantes"
"We work with a panel of small and local businesses, and we develop our features according to their needs. You can be sure of the success of your future mobile apps, as they are subject to hands-on tests.";"Nous travaillons avec un panel de commerçants partenaires. Les fonctionnalités sont donc développées selon leurs besoins. Grace à nos tests terrain vous pouvez être assurés du succès de vos futures applications."
"We make life easier";"Parce que nous vous facilitons la vie"
"With Tiger, you don't need to understand a single line of code to create a full-fledged mobile application. No need to worry about the ins and outs of submission and certificates generation.  We handle all that for you.";"Avec Tiger, pas besoin de mettre les mains dans le code pour créer une application mobile. Pas besoin non plus de connaître les ficelles de la publication et la génération de certificats. Nous gérons tout pour vous."
;
"Our job? Facilitate yours.<br /> Build apps for small businesses in minutes.<br /> Choose great features, leave us the hassle.";"Une app mobile, c'est bien<br />Une app performante, c'est mieux !<br />Pensez marketing, avec Tiger App."
"We build well-adapted features for small businesses. As there is no interest to create mobile apps with no effective features, discover how ours will improve the marketing and CRM of local businesses.";"Chez Tiger, nous pensons qu'il n'y a peu d'intérêt à avoir une application mobile si elle ne possède pas des fonctionnalités marketing efficaces. Découvrez la liste des fonctionnalités disponibles pour vos applications."
Cross-Platforms;Multi-plateformes
"In one go, you can create applications that run on <span class=""f-bold"">IPhone and Android</span>, as well as a <span class=""f-bold"">Webapp</span>.";"Créez en une seule fois des applications <span class=""f-bold"">Iphone, Android, et une Webapp.</span>"
"Creation made easy";"Édition simple"
"<span class=""f-bold"">No technical knowledge</span> required to create your own customized applications.";"<span class=""f-bold"">Aucune connaissance technique</span> n'est nécessaire pour créer vos applications à vos couleurs."
"Admin Panel in your name";"Admin à votre nom"
"Get a fully white-label administration interface on your website <span class=""f-bold"">in your own colors.</span>";"Disposez d'une interface d'administration sur votre site en <span class=""f-bold"">totale marque blanche</span>."
"Cloud Hosting";"Hébergement Cloud"
"A safe, easy-accessed storage service for <span class=""f-bold"">high-performance</span> applications.";"Un hébergement sécurisé et haute disponibilité pour des apps <span class=""f-bold"">haute performance</span>."
"Loyalty Card";"Carte de fidélité"
"Create a <span class=""f-bold"">digital loyalty program</span> featuring one or several cards.";"Mettez en place un <span class=""f-bold"">programme de fidélisation digitale</span> avec une ou plusieurs cartes."
"<span class=""f-bold"">Get the store sales rolling</span> with simple, high-performance discounts.";"<span class=""f-bold"">Dynamisez vos ventes</span> avec des réductions simples, performantes et multi-configurations."
"Special discounts";"Réductions spéciales"
"Send <span class=""f-bold"">targeted discounts</span> to best or worst clients to make them coming back.";"<span class=""f-bold"">La tournée du patron</span> dans le mobile de vos clients. Choisissez vos clients et envoyez."
"Social Networks";"Réseaux sociaux"
"Make your application and <span class=""f-bold"">social network pages</span> communicate each other.";"Partagez votre activité et <span class=""f-bold"">vos pages sociales</span> directement dans votre application."
"Let businesses contact their clients whenever they want and whenever the need arises. <span class=""f-bold"">It's unlimited.</span>";"Contactez vos clients, quand vous voulez, quand vous en avez besoin. C'est <span class=""f-bold"">illimité</span>."
"Challenge users and <span class=""f-bold"">increase their purchase frequency</span>. An original, fun, effective tool.";"Challengez vos clients et faites les revenir plus souvent. C'est <span class=""f-bold"">original, ludique, efficace</span>."
"RSS Feeds";"Flux RSS"
"A blog or news feeds that you'd like to feature? <span class=""f-bold"">Feeds can become part of your application.</span>";"Vous voulez proposer un flux de blog ou d'actus choisies ? <span class=""f-bold"">Vos flux sont affichés simplement</span>."
"Thorough statistics";"Statistiques complètes"
"<span class=""f-bold"">Keep an eye</span> on your operations at a glance.";"Suivez toutes vos opérations et toutes vos actions d'<span class=""f-bold"">un seul coup d'oeil</span>."
"Product / price list";"Listing Produits/Tarifs"
"All products and prices at users' fingertips. A useful feature to let <span class=""f-bold"">users share with their friends.</span>";"Tous vos produits, tous vos tarifs dans le mobile de vos clients. <span class=""f-bold"">Utile et à partager entre amis</span>."
"Photo / Video gallery";"Galerie Photos/Vidéos"
"<span class=""f-bold"">Highlight events and stores</span> with attractive multimedia galleries.";"Mettez en avant vos soirées et votre commerce via de <span class=""f-bold"">belles galeries multimédia</span>."
CRM;"Relation Clients"
"Gain the advantage of a well-managed client base. Gather information to be used for <span class=""f-bold"">targeted operations.</span>";"Créez de l'actif avec votre base clients. Récupérez leurs infos et <span class=""f-bold"">générez des actions ciblées</span>."
"News Wall";"Mur d'infos"
"<span class=""f-bold"">Enable store to share</span> with their clients and get feedbacks";"<span class=""f-bold"">Partagez tout avec vos clients</span>, et laissez les inter-agir avec vous."
"Your design";"Votre design"
"Custom every pages with your colors, and every backgrounds with your images.";"Personnalisez les couleurs de chaque page, affichez de belles images de fond."
"Custom Pages";"Pages CMS"
"Create pages with the content you need: text, photo galleries, videos, etc.";"Créez des pages avec le contenu que vous voulez : texte, photos, vidéos, etc."
"Contact pages";"Pages de contact"
"Allow one-touch-call, geolocation, links to social pages, and much more.";"Proposez l'appel téléphonique en une touche, la géolocalisation et bien plus."
Booking;Réservation
"Allow users to book a place or anything you want, with an easy and multi-store plug-in.";"Permettez la prise de réservation, avec un module simple, multi-boutiques."
"App Stores submission";"Soumission sur les stores"
"<span class=""f-bold"">We take care</span> of submitting your application in the various app stores.";"<span class=""f-bold"">Nous nous chargeons pour vous</span> de soumettre vos apps sur les différents stores."
"Free trial";"Essai Gratuit"
"Play with Tiger as much as you like. You'll only pay <span class=""f-bold"">when you want</span> to submit your application.";"Testez Tiger autant que vous le souhaitez. <span class=""f-bold"">Seule la soumission de vos applications est payante</span>."
"Unlimited pages";"Pages illimitées"
"Create as many custom pages as you need. <span class=""f-bold"">It's unlimited.</span>";"Créez autant de pages que nécessaire. Vos applications n'ont <span class=""f-bold"">aucune limitation</span>."
Promoting;Promotion
"Receive <span class=""f-bold"">QR Code</span> and <span class=""f-bold"">POS ads</span> to make the application known.";"Retrouvez votre QR Code et des éléments pour <span class=""f-bold"">faire connaître vos apps</span>."
;
"Create effective mobile applications <br /> for small businesses";"Créez des applications mobiles<br />performantes pour les commerçants"
"White-label applications, without technical knowledge, and <span class=""f-bold"">at a fair price.</span>";"Sans connaissances techniques, en marque blanche et <span class=""f-bold"">au prix juste</span>."
"Choose the pricing that suits you best:";"Choisissez la formule qui vous convient le mieux :"
"No additional or hidden fees. No engagement. Cancel anytime.";"Pas d'autres frais. Sans engagement. Annulez quand vous voulez."
"(one-time fee)";"(une seule fois)"
5€/month;5€/mois
15€/month;15€/mois
"Applications are full White Labeled, no Tiger mentions. You have your own admin panel on your domain.";"Les applications sont en totale marque blanche, aucune mention concernant Tiger n'apparaît sur les apps que vous créez."
"White Label apps";"App en Marque Blanche"
"With Tiger no annual fees. You pay one time and then you just have the hosting monthly fees you can stop whenever you want.";"En utilisant Tiger, vous n'avez pas à payer chaque année. Vous réglez une seule fois la création de votre application. Et ensuite vous n'avez que l'hébergement à payer. Des facilités de paiement, en 3, 6 ou 12 fois sont disponibles"
"You can set up all info in your app in order that our brand doesn't appear.";"Tous les éléments sont paramétrables afin de ne pas afficher notre marque si vous ne le souhaitez pas."
"With Tiger you can resell apps easily and so create your own admin interface on your domain, and create access for your clients. It will allow them to manage their apps without knowing Tiger.";"Avec Tiger, vous pouvez facilement revendre des applications et donc créer votre interface d'administration sur votre nom de domaine et créer des accès pour vos clients. Ils peuvent ainsi gérer eux-mêmes leur application sans devoir se connecter sur Tiger."
"White Label Admin Panel";"Votre Admin en Marque Blanche"
"Your native iPhone app published on the Apple App Store.";"Votre application iPhone publiée sur l'App Store d'Apple."
"iPhone App";"App iPhone"
"Your native Android app on the Google Play store.";"Votre application Android publiée sur le Google Play d'Android."
"Android App";"App Android"
"Your web app (mobile website) with exactly the same look&feel of your native apps";"Votre Webapp ou site mobile avec exactement les mêmes designs et fonctionnalités que votre application. Vous pouvez toucher tous les utilisateurs de type Windows Phone et Blackberry."
"HTML5 App (web app)";"App HTML5 (web app)"
"No hassle for you, we submit your apps for you on the App Store and Google Play under your own developer accounts, if you have one, or under ours.";"Aucun stress pour vous, nous nous chargeons de publier vos applications sur les stores d'Android et d'Apple sous votre compte développeur si vous en possédez un, ou sous notre compte si vous n'en possédez pas."
"Submission for you on stores";"Nous soumettons votre app sur les stores"
"Custom the app design to make it really unique";"Personnalisez le design de votre application pour la rendre vraiment unique."
"Custom Design";"Design personnalisable"
"We give QR Code and POS ads to make the application known";"Dans votre interface d'administration vous retrouverez tous les outils pour promouvoir et faire connaître l'application que vous avez créée."
"Promoting tools";"Outils de promotion"
"Our premium support team is reachable to answer your questions.";"Notre support est à votre écoute pour résoudre tous vos problèmes."
Support;Support
"In your admin panel on Tiger or on your domain, find all your app statistics";"Dans votre interface d'administration ou sur votre administration en marque blanche, retrouvez des statistiques détaillées par application."
Analytics;Statistiques
"Your apps are automatically updated. No need to submit again your app once you make an update.";"Pas besoin de resoumettre votre application sur les stores pour la mettre à jour. Faites vos modifications et l'application se met à jour automatiquement."
"Unlimited and automatics updates";"Mises à jour illimitées et automatiques"
"Choose from a large panel of effective marketing features really useful for retailers and businesses.";"Une application sans fonctionnalités marketing n'a que peu d'intérêt pour les commerçants. Avec Tiger, choisissez parmi un grand nombre de fonctionnalités marketing performantes, telles que la carte de fidélité, les réductions segmentées et les notifications push."
"Marketing features";"Fonctionnalités Marketing"
"Beautiful features to highlight your business clients : photo galleries, video galleries, etc.";"De belles fonctionnalités pour mettre en avant les meilleurs atouts de vos clients : galeries photos, galeries vidéos, etc."
"Multimedia features";"Fonctionnalités Multimédia"
"Link the application to your clients Facebook fan page and let them choose what they want to share.";"À l'air du social et du mobile, il serait dommage de ne pas avoir ce type de fonctionnalités. Mettez en avant les pages Facebook ou comptes Twitter de vos clients, reliez leur compte Instagram ou leur page Youtube, ou intégrez un mur de discussion."
"Social features";"Fonctionnalités Sociales"
"Send Push notifications on your clients mobile, with no limit, no additional cost.";"Envoyez des notifications push sur le mobile de vos clients, sans aucune limite, sans aucun surcoût."
"Unlimited Push Notifications";"Notifications Push illimitées"
;
"Create your app company,<br/>Get 3 apps for free!";"Créez votre propre société,<br />Obtenez 3 apps gratuites"
"Sign-up and follow our two webinars, and <span class=""yellow f-bold"">we give you 3 apps for free.</span>";"Participez à nos deux webinars de formation, et <span class=""yellow f-bold"">maîtrisez parfaitement toutes les techniques</span> pour vendre des applications."
"During these two webinars, <span class=""yellow f-bold"">discover all sale techniques</span> to sell apps and";"Obtenez <span class=""yellow f-bold"">3 applications gratuites</span>, et trouvez sans risque vos premiers clients ""vitrines""."
"master the Tiger platform";"Apprenez comment ils vous permettront d'acquérir simplement de nouveaux clients."
"<span class=""yellow f-bold"">All details during our webinars</span>";"<span class=""yellow f-bold"">Tous les détails plus bas dans cette page</span>"
;
"Create your app company,<br/>Become a top reseller!";"Créez votre propre société,<br />Devenez un top revendeur !"
"Sign-up and follow our two webinars, and we give you all the keys <span class=""yellow f-bold"">to become a top reseller.</span>";"Participez à nos deux webinars de formation, et nous vous donnons toutes les clés <span class=""yellow f-bold"">pour devenir un top revendeur.</span>"
"During these two webinars, <span class=""yellow f-bold"">discover all sale techniques</span> to sell apps and master the Tiger platform.";"Au cours de ces deux webinars, <span class=""yellow f-bold"">découvrez toutes les techniques</span> pour vendre des applications et maîtriser parfaitement la plateforme Tiger"
"<span class=""yellow f-bold"">All details during our webinars</span>";"<span class=""yellow f-bold"">Tous les détails plus bas dans cette page</span>"
;
"Our webinars";"Nos webinars"
"Webinar 1/: Mastering the Tiger platform";"Webinar 1/ : Maîtriser la plateforme Tiger App Creator"
Program:;"Programme :"
"Interest to be a reseller";"Intérêt d'être revendeur"
"The Tiger Plateform";"La plateforme Tiger"
"Features Know/How";"Connaître toutes les fonctionnalités"
"How to create your white label admin panel";"Créez son interface d'administration en marque blanche"
"Questions & Answers";"Questions - Réponses"
"Presentation about the next webinar";"Présentation des prochains Webinars"
"Duration: 1h";"Durée : 1h"
"See dates of 1st webinar";"Voir les dates du 1er webinar"
"and at the end of the second webinar, get 3 free apps.";"Et à l'issu du second webinar, j'obtiens 3 apps gratuites"
"Webinar 2/: Sale techniques from our best resellers";"Webinar 2/ : Les techniques de vente de nos meilleurs revendeurs"
"Be well prepared";"Préparer sa prospection"
"Get your first appointments";"Obtenir ses premiers rendez-vous"
Rendezvous;"L'argumentation durant le rendez-vous"
Concretization;"La concrétisation"
;"La technique des références"
;"Vos 3 applications gratuites"
"First webinar registration required";"Inscription au 1er webinar requise"
"sign-up link given at the end of the first webinar";"le lien d'inscription sera fourni lors du 1er webinar"
popup_en.jpg;popup_fr.jpg
https://attendee.gotowebinar.com/rt/7437712732084466945;https://attendee.gotowebinar.com/rt/4336500603082675458
;
"Click Here";Cliquez-ici
Download;Télécharger
"Legal / Administrative:";"Administratif/Juridique :"
"General terms and conditions of sale:";"Conditions générales de vente :"
"Billing software:";"Logiciel de facturation et suivi clients :"
"(free, download and install on your serveur)";"(gratuit, à télécharger et installer sur vos serveurs)"
Freshbooks;Freshbooks
"(online software, in english)";"(logiciel en ligne, et en anglais)."
Communication:;"Communication :"
"A4 Flyer:";"Plaquette A4 :"
"Business Card (1 side):";"Carte de visite recto :"
"Business Card (2 sides):";"Carte de visite recto/verso :"
"White Label Preview App:";"App de prévisualisation en marque blanche :"
"Type ""Mobile Company Previewer"" on the App store or the Google play";"Cherchez ""Mobile company previewer"" sur l'App Store ou Google Play"
"Or clic on these links:";"Ou cliquez sur ces liens :"
IOS:;"IOS :"
Android:;"Android :"
"Demo account ""portfolio"":";"Compte de démo ""portfolio"" :"
Login:;"Login :"
Password:;"Mot de passe :"
Commercial:;"Commercial :"
"Elaborated quotation";"Devis élaboré (à personnaliser)."
"Reseller handbook:";"Guide du revendeur :"
Sales:;"La vente :"
"Prospection tools:";"Outil de prospection :"
"Prospecting script:";"Scripts de prospection :"
"Email to access preview App:";"Mail d'accès à l'app de prévisualisation :"
"Prospection sheets:";"Fiches de prospection :"
"Prospection file: ";"Fichier de prospection :"
"Appointment tools: ";"Outils pour le rendez-vous :"
"Advantages sheets: ";"Fiches Avantages/fonctionnalité :"
"Commercial sheets: ";"Fiches de RDV Commercial :"
"Graphic kits:";"Kit Graphique :"
"iOS7 interface PSD:";"Interface IOS7 :"
"Smartphones PSD:";"Kit graphique smartphones :"
"Features icons:";"Icônes fonctionnalités :"
"Features screenshots:";"Clichés écran fonctionnalités :"
;
https://itunes.apple.com/en/app/mobile-company-previewer/id734859138?mt=8;https://itunes.apple.com/fr/app/mobile-company-previewer/id734859138?mt=8
https://play.google.com/store/apps/details?id=com.mobile.company.previewer;https://play.google.com/store/apps/details?id=com.mobile.company.previewer
;/media/revendeurs/juridique/contrat_et_conditions.doc
;/media/revendeurs/communication/plaquetteA4.psd
/media/resellers/communication/business_card_1side.psd;/media/revendeurs/communication/carte_recto.psd
/media/resellers/communication/business_card_2sides.psd;/media/revendeurs/communication/carte_recto_verso.psd
;/media/revendeurs/commercial/devis.doc
;/media/revendeurs/commercial/vendre.pdf
;/media/revendeurs/commercial/scripts_prospection.docx
;/media/revendeurs/commercial/mail_acces_preview.docx
;/media/revendeurs/commercial/tableau_prospects.xlsx
;/media/revendeurs/commercial/fiche_prospection.xlsx
/media/resellers/commercial/features_sheets.pdf;/media/revendeurs/commercial/avantages-fonctionnalites.pdf
/media/resellers/commercial/commercial_sheets.pdf;/media/revendeurs/commercial/fiches-commerciales.pdf
/media/resellers/grafic_kit/iOS7_TeehanLax.psd;/media/revendeurs/kits_graphiques/iOS7_TeehanLax.psd
/media/resellers/grafic_kit/kit_smartphones.psd;/media/revendeurs/kits_graphiques/kit_smartphones.psd
/media/resellers/grafic_kit/resellers_icons.zip;/media/revendeurs/kits_graphiques/resellers_icons.zip
/media/resellers/grafic_kit/resellers_design.zip;/media/revendeurs/kits_graphiques/resellers_design.zip
;
;"Tiger App creator est un service de :"
;"SAS Au capital de 58.000€"
;"Registre du Commerce et des Sociétés de Toulouse 751 984 360"
;"TVAIntracom. : FR36751984360"
;"Directeur de la publication et responsable éditorial : Aladin El Hedri"
;Téléphone
;Email
;Hébergement
;Hébergeur :
;Adresse :
;"Tél : 0899 701 761"
;"Fax : 03 20 20 09 58"
;"Mail :"
;"Informatique, droits d'accès et de rectification"
;"Tiger App Creator est enregistré à la CNIL sous le n° d'enregistrement : 1655324.<br />Tiger App Creator s'engage à ne jamais communiquer à des tiers les informations concernant les utilisateurs recueillies lors des inscriptions sur le site. Tiger App Creator peut être amené à recueillir les adresses IP, dates et heures de visite des utilisateurs du site afin de surveiller les intrusions et les statistiques de fréquentation du site. Ces données seront conservées le temps nécessaire pour répondre à ces besoins et seront supprimées ensuite. Les utilisateurs du site bénéficient d'un droit d'accès, de rectification et de suppression des données les concernant via leur compte membre ou via le formulaire de contact disponible sur le site."
;"Tiger App Creator n'est pas responsable du contenu, des liens proposés et quant aux litiges, problèmes, infractions, escroqueries, ou autre incident qui pourraient éventuellement se produire avec les sociétés citées dans le site."
;"Droits d'auteurs et marque déposée"
;"Tiger App Creator est une marque déposée de la société Xtraball SAS au capital de 58.000€ RCS Toulouse 751984360."
;"Les textes, commentaires, ouvrages, illustrations et images, visuels ou sonores du site Tiger App Creator.com sont régis par le Code français de la Propriété Intellectuelle ils sont la propriété exclusive de Tiger App Creator. Par conséquent, ils ne peuvent être reproduits, exploités ou utilisés à quel titre que ce soit."
;"Les marques, produits et sociétés, présents sur le site Tiger App Creator.com sont la propriété de leurs auteurs respectifs."
;"Accès au site Internet"
;"Le site est accessible 24h sur 24 et 7 jours sur 7 sous réserves de périodes de maintenance du site, de pannes et en cas de force majeure."
;
"The Tiger Team:";"L'équipe de Tiger App Creator :"
"Tiger App Creator is created by Xtraball SAS";"Tiger App Creator est développé par la société Xtraball, SAS au capital de 58.000€."
"We love local business";"Nous aimons les commerçants"
"We love local business. We love local retailers. We are confident their services and proximity to customers, giving them a major advantage over other modes of distribution more impersonal.";"Nous aimons le commerce de proximité. Nous aimons les commerçants. Nous sommes convaincus que leurs services et leur proximité avec les clients, leur donnent un avantage de taille sur d'autres modes de distribution plus impersonnels."
"Our way of loving local retailers is to empower their interlocutors (developers, communication consultants, suppliers, advertising agencies) to create beautiful and effective digital tools for them. And we empower them through Tiger App Creator, your platform for creating successful mobile solutions.";"Notre façon d'aimer les commerçants est de donner les moyens à leurs interlocuteurs privilégiés (amis développeurs, conseillers en communication, fournisseurs, agences de communication) de leur créer des outils digitaux, beaux et performants. Et nous leur en donnons les moyens au travers de Tiger App Creator, votre plateforme de création de solutions mobiles performantes."
"Aladin El Hedri – Co-Founder – CEO";"Aladin El Hedri - Co-fondateur - Président"
"Aladin is a web and mobile marketing specialist. He spent five years as a partner and marketing director at PCkado SA, including the site of www.vente diable.com (online flash sales). Then in 2009 he created another company, Blackgrana, specialized in Marketing web and mobile development. Since 2012, he is the CEO of Xtraball, specialized in mobile marketing solutions for businesses.";"Aladin est un spécialiste du marketing web et mobile. Il a été pendant 5 ans associé et directeur marketing chez PCkado SA, avec notamment le site www.vente-du-diable.com. Puis il a créé en 2009 une autre société, Blackgrana, spécialisée en Marketing et Développement web et mobile. Depuis 2012, il est président de la SAS Xtraball, spécialisée dans les solutions de marketing mobile pour les commerces."
"Adrien Sala – Co-Founder – CTO";"Adrien Sala - Co-fondateur - Directeur Technique"
"Until 2010, Adrien was CTO at AIMS, a development and advertising agency. He developed the company on the Magento framework, making this agency a pioneer in the field. In 2011, he was then a consultant in web and mobile development, working for clients ranging from e-commerce to service industry. Since 2012, he is co-founder and CTO of Xtraball.";"Jusqu'en 2010, Adrien a été responsable informatique chez AIMS, agence de développement et conseil en publicité. Il a notamment développé la société sur le framework Magento, faisant de cette agence une des pionnières en la matière. En 2011, il a ensuite été consultant en développement web et mobile, travaillant pour des clients allant du e-commerce au monde des services. Depuis 2012, il est co-fondateur et directeur technique de la SAS Xtraball."
"Guillaume Raoult – Lead Dev";"Guillaume Raoult - Lead Dev"
"Guillaume is one of those developers with enlightened mind, able to translate complex customer problems in great solutions.";"Guillaume fait partie de ces développeurs qui ont la tête bien faite et qui sont capables, aussi bien, de développer que de gérer un projet en traduisant les problématiques complexes des clients."
;
"Terms of service";"CONDITIONS GENERALES DU SERVICE TIGER APP CREATOR"
"Article 1.- Definitions";"Article 1.- Définitions"
"The term ""Service"" refers to the service TIGER APP CREATOR, utilized by the User to serve Clients, accessible by mobile phone, of which the functionalities are chosen and managed by the User through the site www.tigerappcreator.com.<br />""User"" refers to the person who subscribes to the Service.<br />""Client(s)"" refers to the clients of the User, for whom the Service is intended.";"Service désigne le service TIGER APP CREATOR utilisé par l'Utilisateur à destination des Clients, accessible par téléphone mobile, dont les fonctionnalités sont choisies et gérées par l'Utilisateur sur le site www.tigerappcreator.com.<br />Utilisateur désigne la personne qui a souscrit au Service.<br />Client(s) désigne(nt) les clients de l'Utilisateur, destinataire du Service."
"Article 2.- Scope ";"Article 2.- Objet"
"The present general terms and conditions (hereafter referred to as ""General Conditions"") are set down to define the conditions of access, definition and use of the Service provided by the company XTRABALL, a simplified joint stock company with a capital of 58,000 euros, registered with the Toulouse Trade Registry under the reference 751 984 360.";"Les présentes conditions générales (ci-après les « Conditions Générales ») ont pour objet de définir les conditions d'accès et de définition et d'utilisation du Service proposé par la société XTRABALL, société par actions simplifiée au capital de 58.000 euros, immatriculée au Registre du Commerce et des Sociétés de Toulouse sous le numéro 751 984 360."
"Article 3.- Duration – Choice of payment terms";"Article 3.- Durée – Choix des modalités de paiement"
"3.1. The duration of the subscription to the Service by the User has effect from the date that the service is activated – for which the User will be notified vie electronic mail – and for the duration that the User chose upon subscription.";"3.1. La durée de souscription au Service par l'Utilisateur prend effet à compter de la date d'ouverture du Service dont l'Utilisateur est informé par courrier électronique, pour la durée qu'il a choisit au moment de sa souscription."
"3.2. The User chooses the duration and terms of payment for the Service upon subscription. The duration and terms thus chosen by the User, and the contractual conditions associated with these, are an integral part of the General Conditions.";"3.2. L'Utilisateur choisit la durée et les modalités de paiement du Service au moment de sa souscription. La durée et les modalités ainsi choisies par l'Utilisateur et les conditions contractuelles associées font partie intégrante des Conditions Générales."
"Article 4.- Conditions for access to the Service";"Article 4.- Conditions d'accès au Service"
"4.1. The User is necessarily a professional, whether acting as natural or legal person.";"4.1. L'Utilisateur doit obligatoirement être commerçant, personne physique ou morale."
"4.2. The User acknowledges having had the time, information, documents and guidance necessary to verify that the Service corresponds to his needs. Consequently, XTRABALL cannot be held responsible for any unsuitability of the Service to the aforementioned needs.";"4.2. L'Utilisateur reconnaît avoir eu, le temps, les informations, la documentation et les conseils nécessaires afin de vérifier que le Service correspond bien à ses besoins. XTRABALL ne peut dès lors être responsable d'une éventuelle inadéquation entre le Service et les dits besoins."
"4.3. The User subscribes to, creates and handles the Service on the website www.tigerappcreator.com.";"4.3. Le Service est souscrit, créé et géré par l'Utilisateur sur le site www.tigerappcreator.com."
"4.4. The validation of the subscription to the Service implies unconditional acceptance of the General Conditions.";"4.4. La validation de la souscription au Service entraine l'acceptation sans réserve des Conditions Générales."
"4.5. The Clients can use the Service created by the User exclusively on their mobile devices, either with mobile phones using web-type mobile solutions (web application/mobile site) or with native applications.";"4.5. Les Clients peuvent utiliser le Service créé par l'Utilisateur uniquement sur leurs mobiles téléphonique soit par le biais de téléphones mobiles disposant de solutions mobiles de typeweb (webapp/site mobile) soit par le biais d'applications natives."
"4.6. Following the on-line subscription to the Service, XTRABALL issues a personal confidential access code to each User, composed of a user identification code and a password enabling the User to authenticate himself and thus access the service.";"4.6. A l'issue de la souscription en ligne du Service, XTRABALL délivre à titre personnel et confidentiel à chaque Utilisateur des codes d'accès composés d'un identifiant et d'un mot de passe qui leur permettront de s'authentifier et ainsi d'accéder au Service."
"The user identification and password will be sent to the electronic address of each User, as it is indicated in the on-line subscription form of the Service.";"L'identifiant et le mot de passe seront envoyés à l'adresse électronique de chaque Utilisateur, telle qu'indiquée dans le formulaire de souscription en ligne du Service."
"The safeguarding of user identification and password information is under the sole responsibility of the User, who must take any measures necessary to keep third parties from knowing or using them in any way and under any circumstances. The User agrees to immediately inform XTRABALL of any use by an unauthorized third party.";"La conservation des identifiants et mots de passe est placée sous l'entière responsabilité de l'Utilisateur qui devra prendre toute les mesures nécessaires pour que ceux-ci ne soient pas connus ou utilisés par des tiers, et ce sous quelque forme et à quelque titre que ce soit. L'Utilisateur s'engage à informer immédiatement XTRABALL de toute utilisation par un tiers non autorisé."
"In case the password and/or user identification is forgotten, the User must follow the procedures to reset them on the authentication page of the website www.tigerappcreator.com.";"En cas d'oubli du mot de passe et/ou de l'identifiant, l'Utilisateur devra suivre les procédures de leur réinitialisation sur la page d'authentification du site www.tigerappcreator.com."
"4.7. When a User subscribes to and defines the Service, the Company must necessarily submit it to the mobile application access providers (""Access Providers"") to have it validated by them. The User is informed that the Access Providers can deny that the Service be released for reasons of the content of the Software defined by the User.  The User agrees to take any necessary measures to render the Service compatible with the prerequisites of the Access Providers. In case the online release of the Service is refused for reasons attributable to the Company, the latter must do the necessary to make the Service comply with the recommendations of the Access Providers. In any case, once the Service has been modified, if the Access Providers maintain their refusal to release the Service online, the contract will be terminated ipso jure with no further formality than the notice to the User that the Access Providers have refused to release the Service online. The aforementioned notice can be made by any means. If the refusal to release the Service online is the exclusive consequence of the User's action, and in particular for reasons of his refusal to modify the Service in accordance with the demands of the Access Providers, the amounts that were paid before the refusal occurred will be kept by the Company as a penalty clause. In the other cases, the amounts paid by the User under the terms of the Contract will be entirely refunded to him.";"4.7. Lorsque le Service est souscrit et défini par l'Utilisateur, la Société doit nécessairement le soumettre aux fournisseurs d'accès d'applications mobiles (« Fournisseurs d'accès ») aux fins de validation par ces derniers. Le Client est informé que les Fournisseurs d'accès peuvent refuser, en raison du contenu du Logiciel définit par le Client, d'autoriser la mise en ligne du Service. Le Client s'engage à prendre toutes les mesures nécessaires afin de rendre le Service compatible avec les pré-requis des Fournisseurs d'accès. Au cas où la mise en ligne du Service serait refusée pour des raisons imputables à la Société, cette dernière fera le nécessaire pour rendre le Service conforme selon les préconisations des Fournisseurs d'accès. En tout état de cause, au cas où, après avoir modifié le Service, les Fournisseurs d'accès maintiennent leur refus de mettre en ligne le Service, le Contrat sera de plein droit résilié sans autre formalité que la communication au Client du refus des Fournisseurs d'accès de mettre en ligne le Service. Ladite notification peut être faite par tout moyen. Si le refus de mettre en ligne le Service est la conséquence exclusive du fait du Client, notamment en raison de son refus de modifier le Service conformément aux demandes des Fournisseurs d'accès, les sommes versées préalablement au refus seront conservées par la Société, à titre de clause pénale. Dans les autres cas les sommes versées par le Client au titre du Contrat lui seront intégralement restituées."
"As soon as the Service is validated by the Access Providers, the Company will inform the User of the release of the Service, by electronic mail and as soon as possible.";"Dès que le Service est validé par les Fournisseurs d'accès, la Société informe par courriel le Client dans les plus brefs délais de la mise en ligne du Service."
"Article 5.- Service functionalities";"Article 5.- Fonctionnalités du Service"
"The Service enables the User to establish customer loyalty and product promotion systems.";"Le Service permet à l'Utilisateur de mettre en place des dispositifs de fidélisation de sa clientèle et de promotion de ses produits."
"The service enables the Clients of the User to do the following, in an unlimited way, from their mobile phones: ";"Le Service permet, à titre non limitatif, aux Clients de l'Utilisateur à partir de leur téléphone mobile :"
"to use a dematerialized customer loyalty card on his mobile phone;";"de disposer d'une carte de fidélité dématérialisée sur son mobile ;"
"to access discount offers;";"d'accéder à des offres de réductions ;"
"to keep up with news of the User;";"de suivre l'actualité de l'Utilisateur ;"
"to receive promotional or other types of messages from the User in push mode;";"de recevoir de l'Utilisateur des messages promotionnels ou autres en mode push ;"
"to participate in social games organized by the User;";"de participer à des jeux sociaux organisés par l'Utilisateur ;"
"to view the User' products;";"de visualiser les produits de l'Utilisateur ;"
"to quickly geolocalize the User's premises.";"de géo-localiser rapidement l'Utilisateur."
"The service enables Users to do the following, from the site www.tigerappcreator.com:";"Le Service permet, à titre non limitatif, à l'Utilisateur à partir du site www.tigerappcreator.com :"
"to create mobile applications for devices equipped with the IOS and Android operating systems;";"de créer des applications mobiles pour les terminaux disposant de systèmes d'exploitation IOS et Android ;"
"to create mobile sites for devices equipped with a web browser;";"de créer des sites mobiles pour les terminaux disposant d'un navigateur web ;"
"to choose among the Service visuals offered and developed by XTRABALL, and to adapt the chosen visual to his business;";"de choisir parmi les visuels du Service, proposés et développés par XTRABALL, et ainsi l'adapter à son commerce ;"
"to target Clients in order to offer them special rebates;";"de cibler ses Clients afin de leurs faire bénéficier d'offres de réductions spéciales ;"
"to launch social games;";"de lancer des jeux sociaux ;"
"to manage several points of sale;";"de gérer plusieurs points de vente ;"
"to manage and update the Service and Client information;";"de gérer, de mettre à jour le Service et les informations des Clients ;"
"to access promotional elements related to his Service (A3 posters, POSA, etc.)";"de disposer des éléments de promotion de son Service (affiche A3, PLV…)"
"These lists are not exhaustive and are subject to be developed according to the needs of the market, Users and Clients as identified by XTRABALL.";"Ces listes ne sont pas exhaustives et sont susceptibles d'évoluer selon les besoins du marché, des Utilisateurs et des Clients identifiés par XTRABALL."
"Article 6.- Service management";"Article 6.- Gestion du Service"
"Upon his subscription to the Service on the site www.tigerappcreator.com, the User chooses the functionalities of the Service that he wishes to use, and his ergonomics.";"L'Utilisateur choisit au moment de sa souscription au Service sur le site www.tigerappcreator.com, les fonctionnalités du Service qu'il désire mettre en place et son ergonomie."
"At any time, he may modify, delete or update the functionalities, by accessing the site www.tigerappcreator.com with his access codes. The functionalities are subject to change at any time, which the User accepts.";"Il peut à tout moment modifier, supprimer les fonctionnalités et les mettre à jour en accédant au site www.tigerappcreator.com avec ses codes d'accès. Les fonctionnalités peuvent à tout moment évoluer ce que l'Utilisateur accepte."
"Article 7.- Conditions of Service provision";"Article 7.- Conditions de fourniture du Service"
"7.1. XTRABALL agrees to do everything possible to allow access to the site www.tigerappcreator.com and to the Service, 24 hours a day and 7 days a week. However, XTRABALL cannot guarantee the aforementioned access in case of an act of God, system failures or maintenance interventions that are necessary to the functioning of the aforementioned site and Service; any of these can occur without warning and give no right to compensation.";"7.1. XTRABALL s'engage à mettre tout en œuvre pour permettre l'accès au site www.tigerappcreator.com et au Service 24 heures sur 24, 7 jours sur 7. Néanmoins XTRABALL ne peut garantir le dit accès en cas de force majeure, de pannes ou d'interventions de maintenance nécessaires au bon fonctionnement des dits site et Service, le tout sans préavis et sans aucun droit à indemnité."
"7.2. The User subscribed to the Service because it offers the particular functionalities adapted to his needs. XTRABALL is mindful to adapt its Service to the continuing needs of its Users and their Clients, and will complete, extend and modify the Service, whether regarding its content, functionalities or appearance, in order to fulfill the aforementioned demands.  In the same way as mentioned above, the interruption of the Service following the aforementioned modifications will occur without warning and will give the User no right to compensation.";"7.2. L'Utilisateur a souscrit au Service notamment en ce qu'il offre des fonctionnalités adaptées à ses besoins. XTRABALL soucieux d'adapter son Service aux besoins constants des Utilisateurs et de leurs Clients complètera, étendra, modifiera, le Service que ce soit dans son contenu, ses fonctionnalités, et son apparence afin de répondre aux dites exigences. De la même façon que ce qui a été dit précédemment l'interruption du Service consécutive aux dites modifications s'effectueront sans préavis ni aucun droit à indemnité dû à l'Utilisateur."
"Article.- 8 Intellectual property and personal data";"Article.- 8 Propriété intellectuelle et données personnelles"
"8.1. The General Conditions and the use of the Service does not convey to the User the property of any of the elements of the site www.tigerappcreator.com or of the Service made available to the User under the terms of the present agreement.";"8.1. Les Conditions Générales et l'utilisation du Service ne transfère à l'Utilisateur aucun droit de propriété sur l'un quelconque des éléments du site www.tigerappcreator.com et du Service mis à la disposition de l'Utilisateur au titre des présentes."
"8.2. The content included or accessible on and/or through the site www.tigerappcreator.com and the Service, and in particular any text, graphics, logos, names, brands, descriptions, tabs, functionalities, images, sounds, data, photographs, visuals, and any other equipment or software remain the exclusive property of XTRABALL or of its partners, and are protected by the rights of intellectual property and subject to the laws and regulations applicable to these rights. The content of the site www.tigerappcreator.com and of the Service cannot, and must not under any circumstances be downloaded, copied, altered, modified, deleted, distributed, transmitted, broadcast, sold, rented, granted or exploited, fully or partially, in any way whatsoever, without the express, written agreement of XTRABALL.";"8.2. Le contenu inclus ou accessible sur et/ou grâce au site www.tigerappcreator.com et le Service, notamment tout texte, graphiques, logos, noms, marques, désignations, onglets, fonctionnalités, images, sons, données, photographies, graphiques, et tout autre matériel ou logiciel est de la propriété exclusive de XTRABALL ou de ses partenaires et sont protégés par le droit de propriété intellectuelle et est soumis aux lois et réglementations applicables en la matière. Le contenu du site www.tigerappcreator.com et du Service ne peut et ne doit en aucun cas être téléchargé, copié, altéré, modifié, supprimé, distribué, transmis, diffusé, vendu, loué, concédé ou exploité, en tout ou en partie, de quelque manière que ce soit, sans l'accord express et écrit de XTRABALL."
"8.3. XTRABALL grants the User the right to personal, non-exclusive, non-transferable use, purely for his own needs, under the conditions of the present agreement. This right is consented during the duration of utilization of the Service, and will conclude with its termination.";"8.3. XTRABALL concède à l'Utilisateur un droit d'usage personnel, non exclusif et non transférable pour ses seuls besoins propres dans les conditions des présentes. Ce droit est consenti pour la durée d'utilisation du Service et cessera à son terme."
"Article 9.- User's personal data ";"Article 9.- Données personnelles des Utilisateurs"
"9.1. The data of the Users and the data collected during the use of the Service is hosted by XTRABALL or its subcontractors. This data is necessary for the access and use of the Service.";"9.1. Les données des Utilisateurs et celles collectées au cours de l'utilisation du Service sont hébergées par XTRABALL ou ses sous-traitants. Elles sont nécessaires à l'accès et à l'utilisation du Service."
"9.2. Any request for the correction or deletion of data thus collected must be made by registered letter with return receipt requested, addressed to XTRABALL 28 rue Jean Chaptal 31400 Toulouse France, or by electronic mail to serviceclients@tigerappcreator.com.";"9.2. Toute demande de rectification ou de suppression des données ainsi collectées devront être demandées par courrier recommandée avec demande d'avis de réception adressé à XTRABALL 28 rue Jean Chaptal 31400 Toulouse France ou par courriel à serviceclients@tigerappcreator.com."
"9.3. XTRABALL cannot be held responsible for the use of User or Client data by any person who has had access to it through no fault of its own.";"9.3. XTRABALL ne saurait être responsable de l'utilisation des données de l'Utilisateur ou des Clients par toute personne qui y aurait eu accès sans faute de sa part."
"The User agrees to respect the legal standards (in particular the provisions of the law n°78-17 of January 6, 1978 called the ""Data protection and civil liberties law,"" modified by law n° 2 004-801 of August 6, 2004) establishing the framework for the communication of personal information of its Clients and any other person involved in the Service, and the use of this information, in particular concerning information of a directly or indirectly personal character. In view of the above, the Client agrees:";"L'Utilisateur s'engage à respecter les normes juridiques (notamment le respect des dispositions de la loi n°78-17 du 6 janvier 1978 dite loi «Informatique et Liberté »modifiée par la loi n° 2 004-801 du 6 août 2004) encadrant la communication d'informations personnelles de ses Clients et de toute autre personne dans le cadre du Service, ainsi que leur utilisation, notamment pour ce qui concerne celles ayant un caractère directement ou indirectement personnel. Au regard de ce qui précède, le Client reconnaît :"
"(a) that XTRABALL, as operator, cannot be held responsible in the case of the User's use of this information to other ends than those foreseen, admitted or tolerated by the regulations regarding data processing, files and civil liberties, as well as associated regulations;";"(a) que la responsabilité de XTRABALL, en sa qualité d'exploitant, ne pourra être recherchée en cas d'utilisation par l'Utilisateur de ces informations à d'autres fins que celles prévues, admises ou tolérées par les réglementations relatives à l'informatique, aux fichiers et aux libertés et autres réglementations associées ;"
"(b) that the User will be held responsible for damages owed to XTRABALL, in the case where the obligations defined by the abovementioned regulations are not respected by the User: in this case, the User agrees to defend and compensate XTRABALL against any threat, proceedings or claims by third parties, legal or otherwise, with regard to the information transmitted and its use by the User.";"(b) qu'il sera responsable des dommages causés à XTRABALL, dans le cas où les obligations définies par les réglementations susvisées ne seraient pas respectées par l'Utilisateur, ce dernier s'engageant à défendre et indemniser, dans ce cadre, XTRABALL contre toutes actions ou menaces d'actions ou revendications de tiers, qu'elles soient judiciaires ou non, concernant les informations transmises ainsi que leur utilisation par l'Utilisateur."
"In addition to this, in accordance with the stipulations of the present article, the User agrees to carry out the administrative declarations and procedures necessary and relevant to the regulations mentioned in the present article, for the information under his responsibility.";"Au surplus, conformément aux stipulations du présent article, l'Utilisateur s'engage à effectuer les déclarations et démarches administratives nécessaires et afférentes aux réglementations visées au présent article, pour les données dont il a la responsabilité."
"The information gathered during the use of the Service is intended for the User, to whom its exploitation is exclusively reserved.";"Les informations recueillies au cours de l'utilisation du Service sont à destination de l'Utilisateur qui se réserve un droit exclusif d'exploitation."
"Article 10.- User obligations";"Article 10.- Obligations de l'utilisateur"
"10.1. The User agrees:";"10.1. L'Utilisateur s'engage :"
"- (a) to use the Service in accordance with the stipulations of the General Conditions and/or any specific instructions transmitted by XTRABALL and uniquely for his own needs;";"- (a) à faire un usage du Service, en conformité avec les stipulations des Conditions Générales et/ou de toutes instructions spécifiques communiquées par XTRABALL et pour ses seuls besoins propres ;"
"- (b) to not use or authorize a third party to use the Service in order to transmit or receive elements or data of any kind, in breach of the laws and regulations in force, which would present a threatening, shocking or defamatory character or be contrary to public order and moral standards, or which would undermine confidentiality agreements, breach property rights, or undermine the rights of third parties;";"- (b) à ne pas utiliser ou autoriser à un tiers à utiliser le Service pour transmettre ou recevoir des éléments ou des données de quelque nature que ce soit, en violation des lois et règlements en vigueur, qui présenteraient un caractère menaçant, choquant, diffamatoire, contraire à l'ordre public ou aux bonnes mœurs, ou porteraient atteinte à des engagements de confidentialité, violeraient des droits de propriété ou porteraient atteinte aux droits de tiers ;"
"- (c) to not transmit, whether intentionally or neglectfully, any element via the Service which could cause or could possibly cause damage of any type to the data processing systems of XTRABALL or to other Internet users;";"- (c) à ne pas transmettre en connaissance de cause ou par négligence tout élément via le Service qui causerait ou serait susceptible de causer un dommage de quelque que nature que ce soit aux systèmes informatiques de XTRABALL ou à d'autres utilisateurs de l'Internet ;"
"- (d) to not insert links from his Service towards other websites without obtaining the express written authorization of XTRABALL.";"- (d) à ne pas poser de liens de son Service vers d'autres sites internet sans en demander l'autorisation écrite et expresse à XTRABALL."
"10.2. The User agrees to cooperate with XTRABALL, and in particular to transmit the scope and nature of his needs, any information specifically concerning his organization, the specific hindrances that might affect the provision of the Service and its technical and data processing environment, and more generally any information that might allow or promote the provision of the Service.";"10.2. L'Utilisateur s'engage à collaborer avec XTRABALL, notamment en lui communiquant l'étendue et la nature de ses besoins, toutes informations concernant en particulier son organisation, les contraintes particulières éventuelles susceptibles d'avoir une incidence sur la fourniture du Service son environnement technique et informatique notamment ainsi que plus généralement toute informations susceptible de permettre ou de faciliter la fourniture du Service."
"10.3. In the case of modification of the User's data, the User agrees to immediately inform or confirm this to XTRABALL, in writing, so that XTRABALL can update the data.";"10.3. En cas de modification des données de l'Utilisateur, ce dernier s'engage à en informer ou à confirmer par écrit et sans délai XTRABALL afin que ce dernier puisse les mettre à jour."
"10.4. The User declares acceptance of the characteristics and limitations of Internet, and acknowledges in particular:";"10.4. L'Utilisateur déclare accepter les caractéristiques et les limites d'Internet, et en particulier reconnait :"
"- (a) using standard equipment and software and qualified personnel to enable the Service to function correctly;";"- (a) disposer du matériel et des logiciels conformes et du personnel qualifié pour le bon fonctionnement du Service ;"
"- (b) understanding the nature of the Internet, and in particular its technical performance limits and the response times implied in consulting, inquiring or transmitting information;";"- (b) avoir connaissance de la nature du réseau Internet, et en particulier de ses performances techniques et des temps de réponse pour consulter, interroger ou transférer des informations ;"
"- (c) that it is his responsibility to take every suitable measure to protect his own data and/or software from contamination by any potential virus spreading on the Internet.";"- (c) qu'il lui appartient de prendre toutes les mesures appropriées de façon à protéger ses propres données et/ou logiciels de la contamination par des éventuels virus circulant sur le réseau Internet."
"10.5. The User agrees:";"10.5. L'Utilisateur s'engage :"
"- (a) to regularly back up all the files or the installation of the software to which he has access;";"- (a) à sauvegarder régulièrement tous les fichiers ou installations de logiciels auxquels il a accès ;"
"- (b) to take the suitable measures to back up this data before modifying the Service, having understood and acknowledged that no copy of the User's data is made to the server.";"- (b) à prendre les mesures appropriées pour sauvegarder ses informations avant de modifier le Service, étant entendu et accepté qu'aucune copie des informations et données de l'Utilisateur ne sont effectuées sur le serveur."
"10.6. The User agrees not to cause harm to the image of XTRABALL, either by the nature or through the promotion of his Service.";"10.6. L'Utilisateur s‘engage à ne pas porter préjudice à l'image de XTRABALL ni par la nature ni par la promotion de son Service."
"10.7. The User is responsible for the content and data supplied, edited or stocked on the Service. In this context, XTRABALL is under no obligation to inspect the content of the Service edited by the User, and consequently has no responsibility to this effect. The User irrevocably agrees to guarantee XTRABALL against any claim that might be brought against it in a court of law and to settle the potential expenses, fees and/or fines that it could be held liable for. The User agrees to immediately carry out any necessary modifications requested by XTRABALL related to the aforementioned claims. ";"10.7. L'Utilisateur est responsable du contenu et des informations fournies, éditées, ou stockées sur le Service. XTRABALL n'a dans ce cadre aucune obligation d'inspecter le contenu du Service édité par l'Utilisateur et n'a dès lors aucune responsabilité à ce titre. L'Utilisateur s'engage irrévocablement à garantir XTRABALL contre toute réclamation qui serait portée devant un tribunal et à en régler les éventuels frais, honoraires et/ou condamnations qui seraient mis à sa charge. L'Utilisateur s'engage sans délai à effectuer à la demande de XTRABALL les modifications nécessaires qui seraient liées aux dites réclamations."
"Article 11.- Invoicing – bank information";"Article 11.- Facturation – données bancaires"
"11.1. The User acknowledges that his invoice will be sent to him via electronic mail or directly via the account of the site www.tigerappcreator.com. The invoice will be considered valid without the signature of XTRABALL.";"11.1. L'Utilisateur accepte que leur facture leur soit transmise par courriel ou directement sur le compte du site www.tigerappcreator.com. Celle-ci sera réputée valable sans signature de la part d'XTRABALL."
"11.2. The User is bound to settle the amounts due in exchange for the Use of the Service as they appear upon his subscription and renewals.";"11.2. L'Utilisateur est tenu de régler les sommes dues au titre de l'Utilisation du Service telles qu'elles figurent au moment de sa souscription et de ses renouvellements."
"11.3. The User is bound to keep his bank information updated.";"11.3. L'Utilisateur est tenu de tenir ses informations bancaires à jour."
"Article 12.- Access restrictions";"Article 12.- Restrictions d'accès"
"In the case where the User breaches the General Conditions, his access to the Service will immediately be suspended, following the notification by electronic mail to the address indicated by the User, notwithstanding potential damages and interests that XTRABALL could demand of the User.";"En cas de manquement de l'Utilisateur aux Conditions Générales l'accès au Service sera immédiatement suspendu, après l'envoi d'un courriel à l'adresse indiqué par l'Utilisateur, et ce sans préjudice des éventuels dommages et intérêts que XTRABALL pourraient demander à l'encontre de l'Utilisateur."
"Article 13.- Responsibility";"Article 13.- Responsabilité"
"13.1. XTRABALL agrees to do its best to ensure the necessary means to provide the Service.";"13.1. XTRABALL s'engage à mettre en œuvre les moyens nécessaires à la fourniture régulière du Service."
"13.2. XTRABALL can only be held liable for issues attributed to its own fault, under the provisions established by the General Conditions. In this context, XTRABALL only answers for the direct, personal and certain harm caused by its own failing, expressly excluding the compensation of any indirect damages and/or harm. The Parties expressly agree that the damages not resulting directly and exclusively from the failure on the part of XTRABALL to carry out a contractual obligation, and in particular business losses, operating losses, data losses, turnover losses, profit losses, client losses, the loss of anticipated savings, lost earnings or increases in general expenses, will be considered indirect damages. ";"13.2. La responsabilité de XTRABALL ne peut être engagée que pour une faute établie à son encontre, sous les réserves émises par les Conditions Générales. Dans ce cadre, XTRABALL ne répond que des seuls dommages directs, personnels et certains liés à la défaillance en cause, à l'exclusion expresse de la réparation de tous dommages et/ou préjudices indirects. Il est expressément convenu entre les Parties que sont considérés comme des dommages indirects, les dommages ne résultant pas directement et exclusivement de l'inexécution par XTRABALL d'une obligation contractuelle et notamment le préjudice commercial, les pertes d'exploitation, les pertes de données, la perte de chiffre d'affaires, de profit, de clientèle ou d'économies escomptées, le manque à gagner ainsi que les augmentations de frais généraux."
"XTRABALL cannot be held liable under the terms of the present contract, except within the limit of an amount of damages and interests not exceeding the amount paid over the course of the year preceding the observation of the liability of XTRABALL, the damage and the causal link between them.";"La responsabilité de XTRABALL ne pourra être engagée, au titre des présentes, que dans la limite d'un montant de dommages-intérêts ne pouvant excéder les sommes versées au cours de l'année précédant la constatation de la responsabilité de XTRABALL, du préjudice et du lien de causalité entre eux."
"13.3. XTRABALL cannot be held liable in the Following cases:";"13.3. La responsabilité de XTRABALL ne pourra pas être engagée dans les cas Suivants :"
"- (a) Service failures resulting from issues not under its control;";"- (a) défaillances du Service résultant de faits indépendants de sa volonté ;"
"- b) failure of the User to meet the contractual obligations;";"- b) manquement de l'Utilisateur aux obligations contractuelles ;"
"- (c) non-respect of the recommendations made by XTRABALL;";"- (c) non-respect des recommandations de XTRABALL ;"
"- (d) interruption of the Service due to a maintenance operation, whether planned or not;";"- (d) interruption de Service due à une opération de maintenance programmée ou non ;"
"- (e) modification, suspension or interruption of the Service ;";"- (e) modification, suspension ou interruption du Service ;"
"- (f) acts of God;";"- (f) cas de force majeure ;"
"- (g) intervention by an unauthorized third party;";"- (g) intervention d'un tiers non autorisé ;"
"- h) potential abuses or safeguarding of passwords, confidential codes and more generally any information of a delicate nature for the User;";"- (h) des détournements éventuels ainsi que de la conservation des mots de passe, codes confidentiels et plus généralement de toute information à caractère sensible pour l'Utilisateur ;"
"- (i) reliability of data transmission, access times, potential access restrictions or interruptions on specific Internet access networks and/or servers connected to the Internet which are not under the responsibility of XTRABALL;";"- (i) de la fiabilité de la transmission des données, des temps d'accès, des éventuelles restrictions ou interruptions d'accès sur les réseaux d'accès à Internet et/ou serveurs spécifiques connectés au réseau Internet dont XTRABALL n'a pas la responsabilité ;"
"- (j) ill-intentioned intrusions by third parties into the XTRABALL data processing system;";"- (j) des intrusions malveillantes de tiers dans le système informatique de XTRABALL ;"
"- (k) for the User's loss of data or for unauthorized access to the User's information by a third party;";"- (k) pour perte de données de l'Utilisateur ou pour accès non-autorisé aux informations de l'utilisateur par des tiers ;"
"- (l) for the effects of the User's activity and its results, even if the Service promoted this activity;";"- (l) en raison des activités de l'Utilisateur et de leurs suites, peu importe que le Service en ait facilité leur exercice ;"
"13.4. The User guarantees XTRABALL against any claim or legal proceeding brought by a third party against XTRABALL resulting from a use of the Service not in accordance with the agreement, and will compensate XTRABALL for the consequences of any claim or legal proceeding brought against XTRABALL or for any liability incurred by XTRABALL resulting from a third party or a Client in this way.";"13.4. L'Utilisateur garantit XTRABALL contre toute action, procédure judiciaire ou autre intentée par un tiers contre XTRABALL du fait d'une utilisation non conforme du Service et indemnisera XTRABALL des conséquences de toute action, procédure judiciaire diligentée contre XTRABALL ou de toute responsabilité encourue par XTRABALL du fait d'un tiers ou d'un Client, à ce titre."
"Article 14.- Assignment";"Article 14.- Cession"
"The General Conditions cannot be the subject of a total or partial assignment by the User except with the prior written permission of XTRABALL.";"Les Conditions Générales ne pourront faire l'objet d'une cession totale ou partielle par l'Utilisateur sauf accord préalable et écrit de XTRABALL."
"XTRABALL can freely assign all or part of the subscription to the service by the User.";"XTRABALL peut librement céder tout ou partie de la souscription au Service par l'Utilisateur."
"Article 15.- References";"Article 15.- Référencement"
"XTRABALL has the right to use the User's trade name, his logo(s) and/or other distinctive signs, brand, service brands and other trade descriptions as references within the context of its communication media.";"XTRABALL pourra faire état du nom commercial de l'Utilisateur, de son(ses) logo(s) et/ou signes distinctifs, de sa marque, de ses marques de services et autres désignations commerciales de l'Utilisateur à titre de référence dans le cadre de ses supports de communication."
"Article 16.- Agreement on evidence";"Article 16.- Convention de preuve"
"The Parties agree to consider messages received by fax or electronic mail, and more generally electronic documents exchanged between them, as being originals as defined by the article 1316-1 of the Civil code, which is to say that these documents have the same value as those given to an original. The Parties agree to archive faxes or electronic messages in such a way as to constitute accurate, durable copies as defined by the article1348 of the Civil code. The Parties expressly agree that in case of a contradiction between, on the one hand, the written information in paper form exchanged via conventional postal delivery services, and on the other hand, faxes or electronic messages exchanged by via electronic means or otherwise, only the written information in paper form exchanged via conventional postal delivery services will be considered valid.";"Les Parties conviennent de considérer les messages reçus par télécopie ou par voie électronique et plus généralement les documents électroniques échangés entre elles, comme des écrits d'origine au sens de l'article 1316-1 du Code civil c'est à dire auront la même valeur que celle accordée à l'original. Les parties conviennent de conserver les télécopies ou des écrits électroniques de telle manière qu'elles puissent constituer des copies fidèles et durables au sens de l'article 1348 du code civil. Il est expressément convenu entre les Parties qu'en cas de contradiction entre des écrits sous forme papier échangés par voie postale d'une part et, d'autre part des télécopies ou des écrits électroniques échangés par voie électronique ou non, seuls les écrits sous forme papier échangés par voie postale feront foi."
"Article 17.- Confidentiality";"Article 17.- Confidentialité"
"17.1. The information, content and form pertaining to methods, procedures, technical processes, databases and designs, including the respective files of the Parties and all other information exchanged between the Parties, are considered strictly confidential and will be hereafter referred to as ""Confidential Information.""";"17.1. Les informations, contenu, et forme relatifs aux méthodes, procédures, procédés techniques, bases de données, dessins, y compris les fichiers respectifs des Parties ou toutes autres informations qui seront transmises par les Parties entre elles seront considérées comme strictement confidentielles et sont désignées par la suite : l'(les) « Information(s) Confidentielle(s) »."
"Each of the Parties agrees to use the Confidential Information that he receives exclusively for the needs of executing the Service. Each of the Parties will abstain from exploiting on its own behalf, directly or indirectly, the Confidential Information received from the other Party.";"Chacune des Parties s'engage à n'utiliser les Informations Confidentielles qu'elle recevra, que pour les besoins nécessaires à la mise en œuvre du Service. Chacune des Parties s'interdit d'exploiter pour son compte, directement ou indirectement, les Informations Confidentielles, reçues de l'autre Partie."
"17.2. In any case, and in the case where one of the Parties has access to information pertaining to the other Party that is not considered confidential, the first Party agrees not to make use of it in a way that could harm the second Party.";"17.2. En tout état de cause, et dans l'hypothèse où l'une des Parties disposerait d'une information non confidentielle relative à l'autre Partie, elle s'engage à ne pas en faire un usage susceptible de nuire à la Partie concernée."
"17.3. This obligation will continue for a period of two (2) years after the termination, for any reason whatsoever, of the subscription to the Service.";"17.3. Cette obligation se poursuivra pendant une période de deux (2) ans après la cessation, pour quelque cause que ce soit, de la souscription au Service."
"17.4. In the case of an infringement to the obligations of the present agreement, the Party that initially divulged the Confidential Information can cancel ipso jure the General Conditions and its consequences without being subject to damages and interests that the wrongful Party might demand.";"17.4. En cas de contravention aux obligations des présentes la Partie ayant divulgué initialement l'Information Confidentielle pourra résilier de plein droit les Conditions Générales et ses suites sans préjudice de dommages et intérêts qu'elle pourra réclamer à la Partie défaillante."
"17.5. The confidentiality of the exchanges between the Parties and the authentication of the User is ensured by the assignment and use of confidential codes (user identification and passwords) and by the encoding of the information exchanged between the User's terminal and the XTRABALL server according to SSLV2 standards.";"17.5. La confidentialité des échanges entre les parties et l'authentification de l'Utilisateur est assurée par l'attribution et l'utilisation des codes confidentiels (identifiants et mots de passe) et par le cryptage à la norme SSLV2 des informations échangées entre le terminal de l'Utilisateur et le serveur de XTRABALL."
"The communication protocols used are those in effect on the Internet.";"Les protocoles de communication utilisés sont ceux en usage sur Internet."
"Article 18.- Cancellation";"Article 18.- Résiliation"
"In case of a failure on the part of one of the Parties to respect the obligations stated in the General Conditions, the Party who is the victim of this failure can exercise his right to cancel the Service without being subject to paying damages and interests to the other Party, after having formally notified the other Party of the requirement to find a solution within fifteen (15) calendar days following the reception of the registered letter with acknowledgement of receipt.";"En cas de défaillance de l'une des Parties aux obligations issues du Conditions Générales, la Partie victime de la défaillance pourra, après l'avoir mis en demeure d'y remédier dans un délai de quinze (15) jours calendaires suivant réception de la lettre recommandée avec accusé de réception, se prévaloir de la résiliation du Service, sans préjudice du versement de dommages intérêts à son profit."
"Article 19.- General provisions";"Article 19.- Dispositions générales"
"19.1. The General Conditions are the only conditions applicable in the context of the execution of the Service, to the exclusion of any agreement, parley or other condition, except in the case of a specific agreement between XTRABALL and the User. XTRABALL reserves the right to modify the General Conditions at any time.  In case of modification, the applicable General Conditions will be those in effect upon the subscription to all or part of the Service.";"19.1. Les Conditions Générales sont les seules applicables dans le cadre de l'exécution du Service à l'exclusion de tous accords, pourparlers et autres conditions, sauf accord particulier entre XTRABALL et l'Utilisateur. XTRABALL se réserve le droit de modifier les Conditions Générales à tout moment. En cas de modification, les Conditions Générales applicables seront les conditions en vigueur au moment de la souscription à tout ou partie du Service."
"19.2. The User cannot claim the right to any anterior stipulation whatsoever of his own general and/or particular conditions, business correspondences and/or propositions on the same subject as the General Conditions.";"19.2. L'Utilisateur ne peut, se prévaloir d'une quelconque stipulation de ses propres conditions générales et/ou particulières, des correspondances et/ou des propositions commerciales antérieures relatives au même objet que les Conditions Générales."
"19.3. The General Conditions imply no exclusivity, and each of the Parties remains entirely free to conclude agreements of the same nature with other partners.";"19.3. Les Conditions Générales n'emporte aucune exclusivité et chacune des Parties demeure entièrement libre de conclure des accords de même nature avec d'autres partenaires."
"19.4. The General Conditions cannot be modified except by an amendment dated and signed by representatives authorized by the Parties. The annexes and/or General Conditions modified or added to the General Conditions will become an integral part of them, as soon as the Parties both agree definitively on their terms.";"19.4. Les Conditions Générales ne peuvent être modifiées que par un avenant daté et signé par les représentants autorisés des Parties. Les annexes et/ou Conditions Particulières modifiées ou ajoutées au Conditions Générales en font partie intégrante dès que les Parties ont convenu ensemble définitivement de leurs termes."
"19.5. The simple tolerance of non-compliance with a provision of the General Conditions by one of the Parties does not by any means imply surrender or renunciation of the rights, nor a modification of the General Conditions. The fact that one of the Parties does not make use of one of the rights granted to him by the General Conditions does not imply that that Party is renouncing to that right in the future.";"19.5. La simple tolérance du non-respect d'une disposition des Conditions Générales par l'une des Parties ne constituera en aucun cas un abandon de droit ou une renonciation ni une modification des Conditions Générales. Le fait que l'une des Parties ne mette pas en œuvre l'un des droits qui lui est concédé par le Conditions Générales ne veut pas dire qu'elle renonce pour l'avenir à ce droit."
"19.6. Each of the Parties is acting in his own name and for his own account. Neither has the power nor authorization to involve the other Party in any way whatsoever. None of the provisions of the General Conditions can be interpreted as creating any type of affiliation or legal entity whatsoever between the Parties.";"19.6. Chacune des Parties agit en son nom propre et pour son propre compte. Elle n'a ni le pouvoir, ni l'autorisation pour engager l'autre Partie de quelque façon que ce soit. Aucune des dispositions des Conditions Générales ne pourra être interprétée comme créant, entre les Parties, une filiale ou une entité juridique quelconque."
"19.7. In case one of the stipulations of the General Conditions is revealed to be fully or partially void, this voidance will not affect the validity of the other General Conditions, unless the Parties agree to substitute this void stipulation with a lawful, written stipulation corresponding with the spirit and the subject of the void stipulation, and having an equivalent economic effect.";"19.7. Au cas où une stipulation des Conditions Générales se révélerait en tout ou partie nulle, cette nullité n'affectera pas la validité du reste des Conditions Générales sous réserve que les Parties s'engagent à substituer à cette stipulation nulle une stipulation écrite licite correspondant à l'esprit et à l'objet de celle-ci et d'un effet économique équivalent."
"19.8. The present General Conditions are subject to French laws.";"19.8. Les présentes conditions générales sont soumises à la loi française."
"19.9. Any difficulty relating to the validity, application or interpretation of the General Conditions will be subject to the Toulouse Commercial Court, if an amicable settlement cannot be reached.  This assignment of jurisdiction is also applicable in the case of interlocutory proceedings, multiple defendants or third party claims.";"19.9. Toutes difficultés relatives à la validité, l'application ou à l'interprétation des Conditions Générales seront soumises, à défaut d'accord amiable, au Tribunal de Commerce de Toulouse. Cette attribution de compétence s'applique également en cas de procédure en référé, de pluralité de défendeurs ou d'appel en garantie."
;
;"Nous sommes désolé mais nous n'avons pas détecté notre module dans votre site Wordpress. Merci de vérifier qu'il soit correctement installé et activé."
;"Nous sommes désolé mais nous n'avons pas trouvé de catégorie dans votre site Wordpress."
Label:;"Libellé :"
Label;Libellé
Address:;"Adresse :"
"Display address";"Afficher l'adresse"
"Display location button";"Afficher le bouton de localisation"
"Select a video type:";"Sélectionnez un type de vidéo :"
"My video";"Ma vidéo"
"My Youtube video:";"Votre vidéo Youtube :"
"Make a search or enter the Youtube Url:";"Saisissez votre recherche ou l'url Youtube :"
"Podcast URL:";"Adresse du podcast :"
"Your Podcast:";"Votre Podcast :"
